Market trend,top 0 to 10% Return,top 10 to 20% Return,top 20 to 30% Return,top 30 to 40% Return,top 40 to 50% Return,top 50 to 60% Return,top 60 to 70% Return,top 70 to 80% Return,top 80 to 90% Return,top 90 to 100% Return
1.0,1.0,1.0,1.0,1.0,1.0,1.0,1.0,1.0,1.0,1.0
0.999744777253588,1.0,1.0,1.0,1.0,1.0,1.0,1.0,1.0,1.0,1.0
0.9926757182195792,1.0,1.0,1.0,1.0,1.0,1.0,1.0,1.0,1.0,1.0
0.9997848110137868,1.0,1.0,1.0,1.0,1.0,1.0,1.0,1.0,1.0,1.0
0.9902955155220292,1.0,1.0,1.0,1.0,1.0,1.0,1.0,1.0,1.0,1.0
0.9968461975626032,1.0,1.0,1.0,1.0,1.0,1.0,1.0,1.0,1.0,1.0
0.9917523530858452,1.0,1.0,1.0,1.0,1.0,1.0,1.0,1.0,1.0,1.0
0.9958188801049233,1.0,1.0,1.0,1.0,1.0,1.0,1.0,1.0,1.0,1.0
0.9894309067040156,1.0,1.0,1.0,1.0,1.0,1.0,1.0,1.0,1.0,1.0
0.990939291496659,1.0,1.0,1.0,1.0,1.0,1.0,1.0,1.0,1.0,1.0
0.995420664593229,1.0,1.0,1.0,1.0,1.0,1.0,1.0,1.0,1.0,1.0
0.9947674520894092,1.0,1.0,1.0,1.0,1.0,1.0,1.0,1.0,1.0,1.0
0.9945040269372424,1.0,1.0,1.0,1.0,1.0,1.0,1.0,1.0,1.0,1.0
0.9885745755431864,1.0,1.0,1.0,1.0,1.0,1.0,1.0,1.0,1.0,1.0
0.9854078900611536,1.0,1.0,1.0,1.0,1.0,1.0,1.0,1.0,1.0,1.0
0.9890836815605748,1.0,1.0,1.0,1.0,1.0,1.0,1.0,1.0,1.0,1.0
0.9799351245390832,1.0,1.0,1.0,1.0,1.0,1.0,1.0,1.0,1.0,1.0
0.9832838432277348,1.0,1.0,1.0,1.0,1.0,1.0,1.0,1.0,1.0,1.0
0.975498164835877,1.0,1.0,1.0,1.0,1.0,1.0,1.0,1.0,1.0,1.0
0.978813682594078,1.0,1.0,1.0,1.0,1.0,1.0,1.0,1.0,1.0,1.0
0.9790760241256682,0.9999369239999996,1.0003641120000002,1.0005519319999996,1.000153808,0.999497802,1.0005289119999992,1.0005419140000005,1.0001250679999996,1.000296214,0.998412114
0.9818970948448392,1.0063657079999997,1.0055635720000002,1.0020846359999998,1.0067918359999992,1.0014288520000003,1.005379899999999,1.005248582,1.006474429999999,1.0122561640000003,1.0005236880000004
0.9912240278535034,1.012381702,1.01347486,1.0133893979999995,1.0141751579999996,1.014187786,1.0204185679999989,1.025858306,1.0264943079999993,1.029186128,1.0138383720000004
0.988185841711539,1.0126938059999997,1.013038904,1.0113056279999997,1.0133950499999993,1.0117327719999998,1.017382647999999,1.0136815199999996,1.0193692059999997,1.02673981,1.008267208
0.9818163199610088,1.0065550159999996,1.0067111099999997,1.0003182700000002,0.9999084899999992,0.999316258,1.0053477479999993,1.0029686219999996,1.0081811739999993,1.013698272,1.0002666120000003
0.9510669155121052,0.977475964,0.9684391699999992,0.9550715459999995,0.9504311279999992,0.9503973819999996,0.9592389239999995,0.950041882,0.9519942619999996,0.961466568,0.9585070860000002
0.956232941159508,0.98184166,0.9725930379999994,0.9595948399999996,0.9564730279999988,0.9626121319999998,0.9642794839999992,0.9642349759999996,0.9628697359999996,0.9686697800000004,0.9628892700000005
0.9559071024721736,0.9810536239999998,0.9727738339999994,0.9594989040000002,0.9535112959999992,0.9622521439999998,0.9637007359999994,0.964902956,0.9607389539999996,0.968811204,0.9646625639999997
0.9573964787538652,0.9787936340000004,0.9692297599999988,0.9571849199999996,0.9512357039999996,0.9636171859999992,0.9658974239999992,0.967163114,0.9581748739999998,0.96982607,0.9709291160000002
0.9648780962219252,0.9869525480000004,0.9820599339999996,0.969132294,0.9636021339999994,0.9768196259999996,0.9764041579999988,0.9757028719999998,0.9774957299999996,0.9901576119999996,0.9837999640000004
0.9666263073186182,0.990354184,0.9836873719999994,0.966994594,0.9624800579999996,0.9742414939999996,0.9719067839999992,0.975048262,0.987868678,1.0062502599999998,0.9891612839999999
0.969794166722942,0.9900020440000004,0.9858721339999994,0.9682278139999998,0.9652711339999996,0.9758169179999996,0.9764617279999984,0.972829746,0.9918753419999996,1.0080776379999996,0.9979128539999997
0.9797385377061054,1.0017924080000005,0.9968427439999994,0.9810196999999998,0.9781606099999992,0.9897284979999996,0.9888093519999984,0.9937179419999996,0.9954065199999996,1.031431746,1.010834268
0.9779146086216072,1.0042591460000003,0.9950112599999994,0.9779339899999996,0.9750830619999992,0.9890155559999994,0.9827830519999988,0.9933138659999998,0.9980447819999996,1.0202930760000002,1.0043904499999998
0.9780065809180644,0.9953609960000004,0.9894358459999996,0.974560164,0.9710553559999996,0.9864315219999996,0.9867595559999988,0.9913129479999998,0.9941183059999996,1.0246984300000004,1.0066079619999995
0.9857963379373712,1.0021271360000008,0.9996578919999988,0.9868720899999994,0.9776050759999996,0.997846701999999,1.006691925999999,1.0029207059999998,0.9997652459999996,1.0370161940000004,1.0239538739999996
0.9814971485502788,0.9997028420000008,0.9981174639999988,0.9820466299999996,0.9746143399999992,0.9885095319999988,1.0020874739999983,0.9978109679999994,1.0058980259999997,1.0289371500000009,1.0110874399999998
0.9815531055128428,1.0011070120000007,0.9956968179999988,0.9852820299999994,0.9754810179999992,0.991494069999999,1.002593973999998,0.9986982059999994,1.0047174019999998,1.029537656000001,1.0139094639999997
0.9713463327969462,0.9913277080000013,0.983811593999999,0.9750571699999996,0.9613193819999996,0.9729144159999988,0.9836846899999984,0.977126463999999,0.9902367479999996,1.0118210320000007,1.0022611359999996
0.959165760250663,0.9774566140000012,0.9745319339999994,0.9617051499999996,0.9466839659999992,0.9582636519999987,0.9728689999999988,0.9587552999999988,0.9661975899999996,0.9835743260000008,0.9864695000000001
0.9446618750871127,0.9592432840000008,0.956458561999999,0.9405534239999996,0.9277906199999996,0.9345530939999986,0.9473161139999986,0.9282498019999992,0.9501339479999992,0.9560564640000008,0.9629981019999996
0.9353045706017258,0.9515895340000008,0.9448054359999992,0.9294043039999996,0.9169973879999996,0.9236649539999986,0.9312097399999988,0.9178414039999993,0.9442074059999996,0.944575452,0.9387681799999996
0.935817634844277,0.9539853020000012,0.9471892239999992,0.9287036999999998,0.9190133859999992,0.9265993799999984,0.9326197659999986,0.9177403479999988,0.948653976,0.949199196,0.9383934379999999
0.9329351589590866,0.946105428000001,0.9413900099999992,0.9228555719999998,0.91119001,0.9216321439999986,0.9281619199999992,0.9075152499999986,0.944648042,0.950711886,0.9346559939999999
0.9365752060297584,0.9535922800000012,0.9465486179999992,0.9313459959999996,0.9214056879999992,0.9384426279999984,0.9304491279999988,0.9087300279999988,0.964540128,0.9490602460000004,0.9450696759999999
0.9273555364079132,0.943016454000001,0.934619203999999,0.92006161,0.9056447719999996,0.9272110319999982,0.9164396819999991,0.8919971939999982,0.9394228339999996,0.9335809700000002,0.92563744
0.9220407537357704,0.9369517760000012,0.9258308439999988,0.907927622,0.8997072159999995,0.915420089999998,0.9085123059999988,0.8798185879999982,0.927181036,0.929206074,0.917041802
0.9407031833657136,0.9509902520000012,0.948933946,0.9340823539999998,0.9272003679999998,0.9478553359999982,0.9329417119999992,0.9143759099999988,0.9605214979999992,0.951725716,0.9474775259999997
0.941802772295753,0.9544126800000016,0.9523123439999996,0.9381745719999994,0.9273201599999998,0.9485588239999982,0.9363705639999989,0.9134519679999986,0.9632120239999996,0.9521116719999998,0.951659298
0.9473556354387934,0.9619932440000014,0.9650321439999998,0.9477252899999992,0.9380822919999998,0.9573463479999984,0.9449416119999988,0.9238610079999984,0.9720900339999996,0.960370656,0.9551619240000002
0.9435073526139433,0.9578914000000014,0.9588687459999998,0.9428286839999996,0.931595926,0.9494562479999982,0.9369250639999988,0.916061971999999,0.9690443299999998,0.956993106,0.9433381660000002
0.9456136401101312,0.9640230080000014,0.9608187579999998,0.9469971379999996,0.9334510619999998,0.960595189999998,0.9370932659999984,0.9194923199999984,0.9683753899999996,0.9556472579999996,0.9526280399999996
0.9387768220361348,0.9569751440000012,0.954739752,0.9381722579999998,0.925661816,0.949828433999998,0.9268389099999984,0.9099128039999992,0.9561375299999996,0.945866872,0.9378151039999998
0.9363994638425986,0.9548732180000012,0.9483832119999998,0.9324428019999996,0.920961008,0.9482646979999984,0.9229318119999984,0.9055897599999984,0.9516935099999992,0.9413096799999996,0.9342990800000002
0.9223856761854856,0.9365195540000012,0.9338809120000005,0.911281044,0.90352596,0.9240588279999984,0.9011168459999984,0.8819978239999986,0.9354849499999992,0.9173521299999998,0.9152359399999999
0.9247413770177708,0.9378426660000015,0.935898362,0.9157956139999996,0.9064749719999996,0.925118445999999,0.9048023579999988,0.8836909799999986,0.9438755639999998,0.924497792,0.9176160939999998
0.924877356349876,0.9344447560000017,0.9354664759999998,0.9124558819999996,0.9060021040000004,0.9287461539999984,0.9059385479999986,0.8855282599999987,0.9450470839999998,0.9194226999999991,0.9137753559999997
0.9303244912352476,0.9416566460000017,0.9445451179999996,0.9189930939999996,0.9161367520000004,0.940029703999998,0.9145807239999986,0.893415297999999,0.9538355899999992,0.9288229339999994,0.9213207579999996
0.9303246718386772,0.9400293240000016,0.9435959899999996,0.9167996859999994,0.9107789860000002,0.9405259159999988,0.9068154639999986,0.9119622799999992,0.9413546079999996,0.9322329599999992,0.9151108019999996
0.9356517505943094,0.9490934620000018,0.9544865279999996,0.928485522,0.924812574,0.9520128339999984,0.9138851279999984,0.9177841619999988,0.9508781679999992,0.9452652319999996,0.9236251939999998
0.9356020696009194,0.9514038000000014,0.9579813279999994,0.9308216479999996,0.9222449660000004,0.9575027099999986,0.910937239999998,0.9170414539999984,0.9473772579999992,0.9424954119999992,0.9249397139999997
0.9292837940735014,0.9442445740000016,0.9500644099999992,0.923212198,0.912289152,0.9465727079999986,0.8951424639999983,0.9080054579999988,0.937576867999999,0.9261498939999996,0.919907405999999
0.922548399875438,0.9433721040000016,0.9450100459999996,0.9197875179999996,0.9095755239999996,0.9393572339999988,0.8820964619999976,0.9011423719999984,0.9352113279999984,0.9140275739999996,0.9054040539999995
0.9146795385540236,0.9377490560000016,0.9366118879999996,0.9053937559999996,0.8944925239999997,0.9281570579999988,0.866027043999998,0.8851864399999989,0.9226228819999988,0.9029482939999992,0.8945569299999991
0.9155243261456528,0.9366301560000024,0.9387221639999994,0.9115325879999996,0.8939865619999998,0.9322569779999992,0.8714591779999978,0.8878479299999977,0.9220500279999986,0.9059164059999992,0.8953996559999995
0.9160734960238122,0.939342794000002,0.9391655679999996,0.9114791199999994,0.8927737680000001,0.9317254899999992,0.8760069299999977,0.8890337499999978,0.9249332979999988,0.9009023639999992,0.8954224839999998
0.9156357434113498,0.9368942160000012,0.9458712659999992,0.9141791099999994,0.8906115419999998,0.9313732979999992,0.8727300419999979,0.8818759299999979,0.9335714679999984,0.8997213819999998,0.8891146619999999
0.9157197541066248,0.9357240540000018,0.9511315419999996,0.9122671419999996,0.890974508,0.9279859039999994,0.8751301519999983,0.8847372159999982,0.927368755999998,0.906912306,0.8855461200000001
0.9265149628963044,0.941519748000002,0.9670321699999996,0.9217738079999996,0.9012615559999996,0.9414042979999993,0.8899730999999982,0.900796863999998,0.9382543039999988,0.9269743139999992,0.9006132079999996
0.9348695721915627,0.9473502020000018,0.9698102179999994,0.919834765999999,0.9048856199999996,0.9434033019999988,0.8951399599999983,0.904165265999998,0.9438612339999984,0.9323982859999996,0.9262587719999995
0.9281876817594796,0.946512458000002,0.9643212019999996,0.9058760439999992,0.8954092079999993,0.9344885339999996,0.8849874779999982,0.9087452159999982,0.9274215919999982,0.9197392880000002,0.9169509459999996
0.9136513632300536,0.9455954480000016,0.9536903959999996,0.8942401679999998,0.8804070959999992,0.9156470379999992,0.8692547939999984,0.8806974019999978,0.9085521839999986,0.8980020620000004,0.8934739239999996
0.9031051012176116,0.932508056000002,0.948325038,0.8895855559999999,0.8725562639999997,0.9076611779999996,0.8565994299999982,0.8642189559999982,0.8912858779999986,0.8830301080000003,0.8785779779999998
0.8920832953250907,0.9226178020000018,0.9366204299999996,0.8788608259999999,0.8608069819999993,0.8929580979999994,0.8378851639999982,0.8439434039999982,0.8807319139999983,0.8588873640000003,0.851602328
0.8903157747117301,0.914978160000002,0.927896522,0.873386062,0.8583866259999997,0.883120391999999,0.8325735479999985,0.8438352579999986,0.884609227999998,0.8542965220000003,0.847183486
0.9008446084932284,0.9187227280000017,0.9378145859999998,0.881886148,0.8717372280000002,0.8963128159999993,0.8489660199999987,0.8641107239999986,0.9085571239999988,0.8687922840000004,0.8573740120000002
0.9035030006733046,0.9256364180000018,0.939972136,0.8895251180000003,0.875697736,0.898246439999999,0.8559602779999986,0.8686155879999984,0.9134458599999986,0.8736674520000005,0.8690330520000005
0.914836317381089,0.9348549480000016,0.958726116,0.9007759359999998,0.8842021959999999,0.9134908399999996,0.870449491999999,0.8929136119999983,0.9417153039999986,0.8963906060000004,0.8787513560000002
0.9142486639221667,0.933243302000002,0.958801268,0.9010189219999996,0.8833637359999997,0.9175415059999994,0.8669202659999988,0.887072167999998,0.9348713879999988,0.8949245560000001,0.885171736
0.9204493064158568,0.9382601280000022,0.9628799220000002,0.9108117899999996,0.8884783380000003,0.9205739679999992,0.8719594059999987,0.9005215519999981,0.9445868419999992,0.909039386,0.8951998900000004
0.9169712455711334,0.9320030900000024,0.95591254,0.9045928079999992,0.8796974000000004,0.921911457999999,0.8640684039999988,0.893715455999998,0.9368842399999991,0.9030492660000004,0.8853504480000003
0.928147030937563,0.9373116740000024,0.9664055759999997,0.9241266279999992,0.890203472,0.9267845659999993,0.8820328399999988,0.9119252459999978,0.9574731999999992,0.923216202,0.8999072080000001
0.9338793085374956,0.941413260000002,0.9679211739999996,0.9300756359999997,0.8970542420000001,0.934374453999999,0.8947043919999991,0.916715197999998,0.9620598359999992,0.929343304,0.9051691340000001
0.93474087719778,0.9432234960000015,0.9692319179999996,0.9270380879999996,0.8928680800000004,0.9312767479999992,0.8956624619999989,0.9249185059999984,0.9608127959999992,0.9324173020000002,0.9048893400000007
0.9400064002845344,0.9475106200000024,0.9737690739999998,0.9315693979999992,0.8975227560000003,0.9375061579999991,0.9016600399999988,0.9282680519999982,0.9862846739999992,0.9350050759999996,0.9057262440000005
0.940037719929262,0.9449721880000022,0.9685757759999998,0.9279521859999996,0.8916885900000002,0.9321275459999994,0.9006445079999985,0.9280262839999982,0.9859656899999992,0.927032812,0.9083650720000007
0.947981441372191,0.9507952640000024,0.97656033,0.9337386419999992,0.8977612340000007,0.9369642639999992,0.9066821979999986,0.9392129019999982,0.993841709999999,0.9384292739999998,0.9135282840000005
0.9459416159380478,0.948701916000002,0.9782199939999998,0.9339848379999992,0.8925491120000002,0.9336955119999992,0.909538237999999,0.9340405259999982,0.981184107999999,0.9371435419999996,0.9128375820000003
0.9522187590344042,0.9540877060000024,0.9854471340000002,0.9423701779999992,0.9011515180000004,0.9438127099999996,0.9182161119999988,0.945478153999998,0.9973487579999988,0.9415773199999996,0.921265918
0.9524908682014716,0.9582512060000026,0.9895904220000002,0.9448108999999996,0.9023560480000004,0.9440970979999987,0.9176621379999989,0.9408517199999984,0.9933499759999987,0.9507023259999998,0.920778272
0.95371841466129,0.9662545760000028,0.9922111680000004,0.9488294799999994,0.9024739380000006,0.9477422999999984,0.9308824499999988,0.9443910279999984,0.993034913999999,0.9535569439999996,0.9144880699999998
0.9399957145816245,0.9540675840000026,0.9793379660000008,0.9336994779999992,0.888516838000001,0.9282264159999988,0.9170918979999988,0.9120792919999984,0.9762745359999988,0.9231578819999996,0.8942876580000003
0.9425608702412368,0.9553074560000024,0.981358944,0.9388735699999992,0.891995070000001,0.9328158099999986,0.9183978059999984,0.9100337799999983,0.976828183999999,0.930576904,0.9007595400000004
0.9473627843245432,0.9638470220000022,0.9888249440000004,0.9473173579999996,0.8998396640000008,0.9407876839999983,0.9240046999999982,0.9267802659999984,0.984624723999999,0.938618432,0.907517446
0.942437894356054,0.9621309520000024,0.9887933259999996,0.9449844819999992,0.8977127140000012,0.9383333999999984,0.9202709659999986,0.9243915079999984,0.9770173559999988,0.923190874,0.9011451540000002
0.9428856253079946,0.9625766900000025,0.9883024319999998,0.9459734159999992,0.8997577400000007,0.9448307559999988,0.9207440699999988,0.9262044019999984,0.9741180479999992,0.92307014,0.8937738040000001
0.946332351457705,0.9640272320000024,0.991489216,0.950255179999999,0.9031488660000008,0.9449934639999986,0.9212740999999988,0.9329587859999984,0.9765685119999992,0.93535497,0.8996293560000006
0.9508980362552656,0.9604073260000024,0.9892397539999996,0.947019689999999,0.8995823080000007,0.9415997339999987,0.9213309039999992,0.9342121459999984,0.980167757999999,0.9446995619999998,0.9158877119999997
0.9572282617096,0.9604617540000024,0.9918382220000002,0.9508056319999992,0.9091004240000012,0.9472970539999984,0.9266624819999992,0.947509831999998,0.9987011819999988,0.96424766,0.9290658939999998
0.9626427675753813,0.9645083220000026,0.996382684,0.9557254959999996,0.921538048000001,0.9571249099999988,0.936328757999999,0.9445320419999976,1.0049287219999985,0.967799512,0.9318463639999999
0.9622818165713009,0.9657740440000028,0.9970185660000002,0.9566251879999996,0.9226601700000008,0.9618180239999988,0.9338261419999992,0.947004449999998,0.9998301639999994,0.9705013879999996,0.9267589039999999
0.9605273897065768,0.9625618560000024,0.995614646,0.951660834,0.9231468100000002,0.9613688599999988,0.9331502319999994,0.9400460559999976,0.9967537719999996,0.9583960640000002,0.9263490000000003
0.9603918016819024,0.9650773760000024,0.9971736059999996,0.9523961079999992,0.9233466660000004,0.958329457999999,0.9339299839999992,0.940541537999998,0.9982925499999996,0.95397035,0.9231939220000003
0.9681175648860336,0.9677092580000022,1.0008968699999996,0.9558446139999996,0.9270374980000008,0.9692827999999988,0.9428275379999992,0.950435619999998,1.0170697719999993,0.9722372,0.9316508000000001
0.9633620658841008,0.9643318060000026,0.9958905439999992,0.9496341979999992,0.924589654,0.963627765999999,0.9355768479999989,0.948376273999998,1.0070203639999993,0.9651528900000002,0.9209126239999998
0.9679387674908588,0.969335806000003,1.0035708119999995,0.9568018739999992,0.9289870000000002,0.973587349999999,0.9424312979999984,0.9561766519999976,1.017923125999999,0.9700355319999998,0.9290312000000001
0.973290754469472,0.9725762040000028,1.0054709539999993,0.9608958839999991,0.9387461840000008,0.9784368079999988,0.9488835739999986,0.9617045839999974,1.0218004159999987,0.9877910639999998,0.942269324
0.9769664406168924,0.975818808000003,1.0059081299999997,0.9640360579999996,0.9413252880000008,0.9784595859999992,0.9549329779999988,0.9651743939999976,1.028966711999999,1.0000847719999997,0.9545661140000001
0.96784733700469,0.9768297600000028,1.002836816,0.9599334039999996,0.9409277460000004,0.969908215999999,0.9551442919999992,0.9617522339999972,1.013894179999999,0.9786192019999996,0.9255673899999997
0.9700290113823956,0.9791963580000028,1.0076144719999998,0.9621228799999992,0.9426732600000004,0.9696302279999992,0.9563390499999987,0.9683737619999973,1.0143365059999985,0.9792951819999998,0.9357578119999999
0.9735151993814452,0.9770872440000028,1.0014714059999994,0.9589166099999988,0.9384911860000004,0.9669838979999992,0.9471757559999991,0.9777590119999968,1.018176281999999,0.997920048,0.9565273679999995
0.972682948677878,0.9764823800000024,1.0022730719999997,0.961024713999999,0.9425287200000008,0.9659265639999997,0.946573731999999,0.976775387999997,1.0245120439999993,0.9974960900000004,0.9424811659999996
0.9792599386180114,0.9809792300000028,1.0097897679999992,0.9723026119999992,0.9494433300000004,0.9743591239999994,0.9641334439999988,0.992823429999997,1.0410754699999991,1.0024950880000003,0.9450966139999997
0.9851325902334992,0.985944026000003,1.0130773499999997,0.9792880119999988,0.9584245440000008,0.97934491,0.9660446599999988,0.9980524379999972,1.0473545299999985,1.014272906,0.9660018699999997
0.9908913563364208,0.990515044000003,1.0203376559999997,0.9862856479999992,0.9580195860000008,0.9828439619999992,0.975154555999999,1.006934711999997,1.0600084859999988,1.0158234000000004,0.9731949899999992
0.996086128029681,0.993018246000003,1.025071682,0.9921281259999992,0.9645852540000006,0.9837376919999994,0.9836278799999988,0.9995874399999972,1.0642702679999982,1.0252770479999995,0.9774290439999995
0.989421605627398,0.9915753540000024,1.0206283439999997,0.9901140359999993,0.9617296080000008,0.9788047919999988,0.9781019859999992,0.9854875319999972,1.053757197999999,1.0092383379999998,0.9609989039999995
0.9919822311509882,0.992781730000003,1.0308394979999995,0.9913324779999992,0.9635494900000006,0.9875576379999992,0.9820986659999992,0.987371467999997,1.0580628779999983,1.0058358799999998,0.9595806619999996
0.9909868805003244,0.9920117620000029,1.0257286719999992,0.989049059999999,0.9618560160000004,0.9853809659999996,0.9779481279999992,0.9864461559999966,1.055776595999998,1.003897626,0.9617159919999996
0.9981754990046416,0.9976669180000028,1.0316644599999996,0.9929207759999994,0.9693934340000004,0.9924281899999994,0.9885974679999988,1.0002534879999967,1.0682097139999982,1.013050176,0.9745034659999996
0.9947890492495166,0.991594150000003,1.0252336039999994,0.9881972439999992,0.9644077900000004,0.9842294559999992,0.9847728199999984,0.9990250419999962,1.060444779999998,1.006950642,0.9685570059999999
0.9889475065747548,0.9921615440000028,1.019281612,0.9796782339999992,0.9573333740000008,0.9752269019999988,0.9740615559999988,0.9895739859999964,1.048893377999998,1.004033504,0.9566243879999996
0.9956203066342214,0.9904062080000032,1.0245287559999996,0.9863333359999996,0.9628178840000006,0.9846011539999986,0.9878780959999997,1.000371633999996,1.0625309779999976,1.0144766620000003,0.9638696559999995
0.9872941724796764,0.989837134000003,1.0240601539999998,0.9866727600000004,0.9622260900000006,0.9815336259999984,0.9826622959999992,0.989124015999996,1.041820147999998,1.0059322540000006,0.9513195799999996
0.9796136052837696,0.9839728420000028,1.0190828359999995,0.977897488,0.9526107300000008,0.9714185999999982,0.9704259419999992,0.976161435999997,1.0304630299999975,0.9933063600000008,0.9377401959999996
0.9732684499459324,0.979496670000003,1.01130772,0.972251014,0.9482225040000009,0.9656689279999986,0.9628902219999996,0.9646478959999968,1.022404991999998,0.9825157780000008,0.9275701080000001
0.977712167227458,0.9798509920000033,1.010822856,0.9762552800000002,0.9511116060000012,0.9720429319999986,0.9671196559999996,0.9731929439999972,1.0331912979999975,0.9904088600000012,0.9308833599999995
0.9811552662582932,0.9793482640000029,1.0123420239999992,0.98058319,0.9540814500000012,0.9758655579999984,0.9761160080000004,0.9807792519999964,1.0427867839999978,0.9891529860000006,0.9304274119999991
0.9815581323082964,0.9825422180000029,1.0168099199999996,0.984025344,0.9538172300000008,0.9781950559999985,0.975031542,0.984437159999997,1.0382561099999976,0.9978099100000009,0.9311147059999993
0.9919251002661328,0.9882778980000032,1.0249426419999996,0.9910386999999998,0.9622725420000008,0.988748913999998,0.9850292660000004,0.9975042859999974,1.0599082039999974,1.0229016160000008,0.9468356839999994
0.9964128396335912,0.9926785160000032,1.0278166779999998,0.9965575119999996,0.967437134000001,0.9961598979999986,0.9883901739999996,0.999099819999997,1.0565094379999975,1.0288330340000005,0.9589760599999997
1.0001060142130984,0.996560856000003,1.0292392300000004,0.998000176,0.9722333640000004,1.0074406019999986,0.989694462,1.006164151999997,1.0657988039999973,1.031710554000001,0.9640073399999993
0.9972792394356136,0.9983361420000028,1.0301106780000002,0.9949060580000006,0.9705719340000004,1.0052594759999989,0.989475888,1.0045964839999972,1.0636556739999974,1.0290983860000005,0.9579394839999993
0.9931052834765726,0.9966884160000028,1.025481478,0.9912569140000004,0.9683666080000009,0.9995571659999984,0.9820410500000004,0.9992847699999972,1.0637157259999972,1.016960966,0.9543318359999993
0.988457108062602,0.994207186000003,1.021641566,0.9901468500000006,0.9701233200000008,0.9928931719999984,0.9728189340000002,0.9936711779999968,1.0504861299999972,1.012447248,0.9439360119999993
0.9973968875196272,0.9984723160000027,1.0265587300000003,0.9953343920000006,0.9807363360000004,1.0015418619999985,0.987867862,1.0062620659999977,1.0679674899999974,1.031157308,0.954187351999999
1.0063094560599457,1.004583490000003,1.0345375180000005,1.0010742760000009,0.987029748000001,1.0117920679999992,0.9994915939999997,1.0182086719999974,1.0797785819999972,1.044807992,0.965271363999999
1.0121879622366052,1.021219430000003,1.0399888940000004,1.0028251540000004,0.9872907460000008,1.014661327999999,0.9990342339999992,1.0237517999999977,1.0825651239999976,1.0512457899999994,0.9701609939999991
1.008143845093067,1.0202473500000036,1.0321424840000004,1.000985024000001,0.9833653140000008,1.009888249999999,0.9911486719999992,1.0186030859999975,1.0749748579999978,1.0497044259999997,0.9661653459999995
1.0024959845461257,1.010992928000003,1.0247757540000006,0.9955833840000006,0.9787902740000008,1.0060838519999993,0.9842196419999992,1.0175444659999973,1.0651175079999975,1.0378534279999996,0.9610750859999995
1.0075047046064605,1.017081206000003,1.0325388440000005,1.0008553060000005,0.9875692680000004,1.0176459839999992,0.9895859719999992,1.0244433159999975,1.0706867599999983,1.0453385919999991,0.9662201439999989
1.001518980193839,1.0163475240000026,1.0285334780000008,0.9955629780000006,0.9806051600000004,1.0181578559999993,0.9814913839999996,1.0106919799999976,1.0621364439999983,1.0350130459999995,0.9538486579999992
1.003619819486571,1.018012444000003,1.032345514000001,0.9966969280000002,0.9806147020000012,1.0177945979999992,0.9840552439999994,1.0176419099999974,1.0651709039999986,1.0382917459999996,0.9569455339999995
1.0036389333495237,1.0202916240000026,1.0347244340000017,1.0004181700000006,0.9824313140000012,1.0203542299999993,0.9896294359999992,1.0229840239999968,1.065212987999998,1.0322126039999997,0.9515435619999997
1.0126363554011206,1.021850180000003,1.0372912340000018,1.0017861260000005,0.986275546000001,1.0228463739999991,0.9983732519999996,1.0366464459999976,1.0732883239999982,1.0532484159999995,0.9678753179999995
1.013750257152945,1.0248526540000027,1.038897308000002,1.0037066100000005,0.9880051240000008,1.0242688259999992,0.9970112399999989,1.0373735479999977,1.0864970699999978,1.0512019339999998,0.9674509679999994
1.0150993196202251,1.024775862000003,1.0405565740000018,1.0040747460000006,0.9871676440000008,1.026217905999999,0.9930740859999992,1.0435900759999974,1.0869083139999978,1.053186238,0.9725675139999994
1.0179607251053109,1.0288417200000026,1.0470506840000016,1.0095379280000003,0.9944407300000008,1.0322064659999983,0.995172481999999,1.0441680919999974,1.0909437439999987,1.0489372199999996,0.9738736539999993
1.0167379495860878,1.0310191660000028,1.051121002000002,1.0108813800000005,0.9950911240000012,1.0349258379999986,0.9900188839999988,1.0424346579999972,1.0866925939999983,1.045198924,0.9656453179999989
1.0214197774390827,1.033218550000003,1.0557727280000018,1.0176435080000004,1.001600208000001,1.0417368559999989,0.993594439999999,1.0493008699999975,1.092454969999998,1.0535261740000004,0.9694353159999987
1.0229599032844552,1.0333786240000031,1.060301072000002,1.0217486380000005,0.9999914680000008,1.044636403999999,0.9960056599999988,1.056713171999998,1.094713553999998,1.0573387620000003,0.9706878839999991
1.021496473695464,1.0318007680000036,1.058564094000002,1.0186863300000004,1.0004314120000015,1.0450245659999982,0.9916029299999992,1.047136947999998,1.0903222599999984,1.0587662680000007,0.9745541479999991
1.0162630077174404,1.0311543520000033,1.051472386000002,1.0121155980000007,0.9966931640000012,1.0392563459999988,0.9865625419999992,1.0445146559999978,1.0811580919999977,1.0474792400000008,0.9683731919999989
0.9975383903066164,1.0212686060000036,1.0384624620000025,1.0024401900000006,0.9824713500000012,1.019112349999999,0.9682112159999992,1.0215052999999972,1.0535382519999978,1.010697184000001,0.9425506899999996
1.0087111505656026,1.0295479380000034,1.046378052000002,1.0117750260000005,0.9941048660000016,1.030939083999999,0.9823978719999992,1.0335209159999974,1.0668431339999973,1.029829114,0.9556347359999995
1.005516787608004,1.0307317760000032,1.048378524000002,1.0091557140000005,0.9917852820000012,1.0272007239999987,0.9852382999999992,1.0273727519999976,1.061137185999998,1.018457342,0.9505755659999993
0.9823467221327892,1.0214860560000032,1.035124254000002,0.9884181420000008,0.9760124140000016,1.0027504859999987,0.9613352619999996,0.9969059699999968,1.0226418739999978,0.978560612,0.9169019799999991
0.9799146109995523,1.0186857700000034,1.0378605240000025,0.9901441860000002,0.978511222000001,1.0036448279999983,0.9611514819999992,0.9957496459999976,1.017765181999998,0.9743565500000008,0.9075383099999992
0.9752467046609123,1.0149088360000036,1.031089210000002,0.985878284,0.9772654480000008,1.0005694759999986,0.9571325959999994,0.9907800799999972,1.0122647519999988,0.9642522620000002,0.900277865999999
0.9753744063358332,1.0155949560000035,1.0317873500000014,0.9850259560000004,0.9758284220000004,0.9975922899999988,0.95769429,0.9906392039999968,1.0094394119999983,0.9683671500000002,0.9009993679999992
0.9696818915909552,1.0139471260000033,1.0286388900000016,0.981782306,0.9716051460000006,0.992404419999998,0.9536566519999996,0.985273813999997,0.994053919999998,0.9575039580000002,0.8936532199999989
0.9593976851546732,1.0111477520000034,1.025224982000002,0.977164648,0.9638662380000008,0.9839591939999988,0.944383096,0.9726458399999968,0.976652115999998,0.9400428780000004,0.8752307859999988
0.9551521801369908,1.0102053300000031,1.0243459880000017,0.9757367399999995,0.9605581460000006,0.9797431519999986,0.93702121,0.9674984759999968,0.9720981119999984,0.933872548,0.867673967999999
0.9650195839586287,1.0143353140000038,1.028444834000002,0.981917034,0.9713991600000008,0.9913800999999988,0.9490484319999996,0.979833377999997,0.9887122319999984,0.9508014420000006,0.8812415879999991
0.9696867227326936,1.0178380260000035,1.0331537360000014,0.9885175579999996,0.9799262740000017,0.9977463719999986,0.9562947319999996,0.9866800079999972,0.9940319699999984,0.9560110100000008,0.8852741019999986
0.9812790548589088,1.0204278120000034,1.0355191640000014,0.9962539419999998,0.9886994700000016,1.0059134219999986,0.9663530479999995,1.0086059619999963,1.011318445999998,0.9749703940000004,0.9026732319999984
0.985008906984884,1.0214366740000038,1.0372668540000016,1.0003601999999998,0.9901642960000014,1.0078938399999986,0.9761119059999994,1.0111097959999964,1.0118677839999983,0.9804315500000004,0.9091003219999987
0.975830038687813,1.0186855120000038,1.030902196000001,0.9919655779999998,0.9830301780000013,0.9967355679999984,0.9657079939999996,0.9934816759999964,0.9962682559999976,0.9667120680000004,0.8960424699999983
0.9800714801283328,1.0207380740000036,1.0350679400000016,0.9957687679999996,0.984580736000001,1.0016399039999988,0.9680630459999996,0.9981071879999964,1.000017375999998,0.975108148,0.9066790919999981
0.9744598907701428,1.0164687980000036,1.0299064720000013,0.987843394,0.9779597780000012,0.9920810719999984,0.9602351059999996,0.9904070459999964,0.9867720079999976,0.9717266779999998,0.8958801819999982
0.9734479246039678,1.0183115140000036,1.032074220000001,0.9890414159999998,0.9804773400000012,0.9940885919999992,0.9620141059999996,0.9915825419999966,0.9851053799999976,0.9702488279999996,0.8883271019999983
0.960204109567826,1.0118997040000035,1.0222709520000008,0.9793356040000004,0.9700906300000008,0.979249545999998,0.9470345099999996,0.9793441679999968,0.9649064179999978,0.9552341459999998,0.8659808039999981
0.9528566954981478,1.0071475680000035,1.014850070000001,0.9723720900000004,0.9606267940000006,0.9719735259999982,0.9364400480000004,0.9745411219999968,0.9511841219999976,0.9450202019999996,0.8563620119999982
0.9545195112732734,1.0056982540000037,1.0150416300000007,0.9720241960000005,0.960992108000001,0.9733767519999984,0.935794876,0.9757049999999968,0.9581515879999976,0.9432210979999996,0.8607136619999987
0.9536012030355644,1.0003012780000038,1.008629012000001,0.9681057220000004,0.9573797800000008,0.968589325999998,0.9310558520000004,0.9713612799999964,0.9556138479999974,0.9441174359999996,0.8612306139999986
0.960929954750864,1.0057219780000035,1.0144487560000015,0.9739925060000004,0.9649131540000008,0.978585535999998,0.9423254300000004,0.9762539239999968,0.9669175379999976,0.9539148699999992,0.8759458319999986
0.9590542677335372,1.0047426120000038,1.0126873460000017,0.9716682380000008,0.9629607700000008,0.9751505539999984,0.9399724560000002,0.9725455799999968,0.9676065339999972,0.9545572419999996,0.8741216819999986
0.9514144567115476,0.999155064000004,1.0047075800000012,0.963102756000001,0.9536312300000008,0.9633414099999982,0.9297588120000008,0.9605907339999964,0.9508940159999976,0.9469754559999994,0.8652035059999987
0.9496496601999148,0.9940176960000038,1.000052680000001,0.958795690000001,0.949562210000001,0.9600076919999984,0.9236505060000004,0.9596005519999968,0.9504556839999968,0.9467489219999996,0.8658865639999986
0.9482908902983012,0.9972993880000038,1.0014884420000008,0.9613775840000008,0.9503501040000006,0.9590639979999982,0.925791324,0.9601563859999966,0.948980731999997,0.9425515959999992,0.859909217999999
0.9435824535400312,0.9982580720000034,0.9992575260000012,0.9605262660000012,0.9468503360000012,0.955662635999998,0.9226302180000008,0.9532462739999968,0.9405350439999968,0.930447625999999,0.850471653999999
0.9397451423735212,0.9965816680000036,0.9956738080000008,0.957049294000001,0.943317952000001,0.9514900659999984,0.9179152780000008,0.9459769499999964,0.9338345079999966,0.9240765639999988,0.8478361199999986
0.9352355951419542,0.9965268100000038,0.9972948280000012,0.9565047660000012,0.9462236180000008,0.9510564379999982,0.9188196500000004,0.9423818979999968,0.9238284919999966,0.9100698559999988,0.8363733139999987
0.9294480679428896,0.9887580240000036,0.9894546280000012,0.9485536720000008,0.936597660000001,0.9421257879999982,0.907447054000001,0.9283501499999968,0.9160251599999968,0.9023710999999992,0.8288602279999988
0.9336434404586084,0.9914515600000038,0.9923959420000013,0.953734888000001,0.9442252240000008,0.9491859459999984,0.9136930120000016,0.9337064719999968,0.9205974459999966,0.9085640699999992,0.8342712879999983
0.9506529423511896,1.0027615760000037,1.0055222400000003,0.9659108460000004,0.9599194840000014,0.9610483439999982,0.9319069260000016,0.9587484359999968,0.9475122379999968,0.9321851999999988,0.8676650839999986
0.9580161592209464,1.011923484000004,1.015291696000001,0.9785813340000008,0.9681608140000012,0.970545953999998,0.9399788400000016,0.9659157919999966,0.9578868319999968,0.9423739779999988,0.8763168619999984
0.9625118601895872,1.014587390000004,1.0206834400000009,0.9807219380000004,0.9753031300000012,0.9742549039999976,0.9442924880000017,0.9720695539999962,0.9624257019999968,0.9517607559999988,0.8845726139999988
0.965488460562103,1.0186565500000042,1.0219710680000005,0.9873511880000004,0.9771808400000012,0.9797067139999978,0.9496632320000018,0.9761058839999964,0.9687347279999968,0.9561826679999992,0.8860513239999983
0.9671315905634164,1.0184826520000043,1.0220005640000007,0.9869243240000004,0.9766847460000012,0.981127053999998,0.9473541200000016,0.9762882719999966,0.9700983599999966,0.9613057639999988,0.8912685679999988
0.9580891531070238,1.0145124080000043,1.0155683600000005,0.9781664920000006,0.9695005500000008,0.971289583999998,0.9350438920000016,0.9651995179999964,0.956325705999997,0.9444760619999988,0.8775741179999983
0.9595517699805826,1.017607988000004,1.018383770000001,0.9837157120000006,0.9722866300000012,0.973073187999998,0.9364010240000016,0.9711486759999964,0.9550784399999972,0.9482319839999984,0.8784759479999984
0.956544828231916,1.015867830000004,1.015348470000001,0.9816435920000006,0.9696127280000016,0.9696879119999982,0.9327008880000018,0.9660361119999964,0.9506226839999978,0.9463656799999984,0.8724657039999988
0.943018338728083,1.004404814000004,1.003583020000001,0.9678503280000006,0.9534545980000012,0.953965825999998,0.9151669960000016,0.946217939999996,0.9312239859999972,0.9275492019999982,0.8580727759999986
0.94575646732227,1.005372528000004,1.0057420660000007,0.9705989780000002,0.9558115120000013,0.9582813999999982,0.9165835640000016,0.948828407999996,0.9354914819999972,0.9297852059999978,0.8637974439999987
0.9518422761353892,1.012425924000004,1.0111379600000006,0.9758389180000002,0.9615554940000012,0.9654098959999986,0.9256276980000018,0.959931987999996,0.9432840479999972,0.9353220799999982,0.872001717999999
0.9452886442388008,1.006286438000004,1.0070079680000013,0.9707165920000004,0.9533102860000012,0.9559291399999984,0.9170238000000016,0.9506964219999964,0.9332232899999968,0.923466433999998,0.8709602679999988
0.93412237065299,0.999702726000004,1.0009021820000013,0.9627568320000004,0.9442210840000012,0.944679813999998,0.9064544500000016,0.9305501779999964,0.9180052039999972,0.9094432699999984,0.8525794199999988
0.9347665078344788,1.0000812640000043,1.0013040360000014,0.961837716,0.9430470600000008,0.9450581939999988,0.9075634540000016,0.934180101999996,0.9173125819999975,0.913058939999998,0.8542382079999986
0.9458043121807936,1.008020524000004,1.0100342080000004,0.9785536759999998,0.9536368540000018,0.9585589659999982,0.9180157280000014,0.948486489999996,0.9324508239999968,0.9297396539999978,0.8666418799999989
0.951913734892316,1.0121470940000044,1.0155748780000011,0.9872023319999996,0.9588848760000016,0.965043599999998,0.9269806860000016,0.957419923999996,0.9396894219999968,0.940918373999998,0.8753934699999988
0.9553197500189672,1.0155252000000043,1.018983458000001,0.9906253679999996,0.9639248900000008,0.9694951959999976,0.9302003240000014,0.9602427459999964,0.9447491579999968,0.945053177999998,0.8768873099999992
0.9661510945448268,1.0226452800000034,1.026717876000001,0.9989865979999996,0.974148498000001,0.9793782279999974,0.9411568980000014,0.9741312439999964,0.9618268379999968,0.958951231999998,0.8871832479999988
0.9585982741746982,1.017810746000004,1.0187564760000003,0.991578877999999,0.9655323080000012,0.9716068999999976,0.9322108820000016,0.9626510179999964,0.9499232599999972,0.9500364879999976,0.8789006719999988
0.9606980599474252,1.0198833760000037,1.0226135060000008,0.9937665719999992,0.9678686580000012,0.9711160239999974,0.9346378820000014,0.9632507039999963,0.9516027339999972,0.9550233779999976,0.8871047999999988
0.957113518330744,1.0185634220000042,1.020617456000001,0.9928046779999996,0.9675680200000012,0.9685337639999972,0.9311941600000015,0.959984981999997,0.9456101099999972,0.9488097959999972,0.883689879999999
0.9626487876896967,1.022884974000004,1.026716372000001,0.9990283199999994,0.9745765060000008,0.9750991559999972,0.9386451340000016,0.9651838519999968,0.952787909999997,0.962465311999998,0.8907153319999987
0.9633880878282304,1.029148798000004,1.031603952000001,1.0028335599999996,0.9805584940000014,0.9809304859999972,0.9426503500000014,0.9725963439999968,0.952862901999997,0.9596986459999974,0.8796658979999992
0.954830209373104,1.026648816000005,1.0276017040000016,0.9989730419999998,0.9747424420000016,0.9726280779999976,0.9322100780000012,0.9639481639999974,0.9435429859999968,0.9424557319999972,0.8714860499999988
0.9576588654363128,1.0274309700000035,1.0289636540000018,0.998697298,0.9733872280000008,0.9764260819999976,0.9350986300000016,0.9663136239999974,0.9458926799999974,0.946980055999997,0.8757649339999984
0.9404662467165354,1.0148299840000043,1.0156149420000022,0.9830326779999994,0.957294816000001,0.9560452359999978,0.9145227080000016,0.9490744459999976,0.9243217519999972,0.9201666379999972,0.8540211719999984
0.9408185588565732,1.0126772600000038,1.0130165960000022,0.9816303499999997,0.9557091760000016,0.9542186919999976,0.9154674260000016,0.9512488399999974,0.9258742859999968,0.9238585059999972,0.8570455879999985
0.933516506348263,1.006589844000004,1.0060370420000022,0.9748817979999996,0.9471808960000008,0.9453909739999976,0.9064755600000018,0.938936529999998,0.9171109699999968,0.9088955239999974,0.8502299399999984
0.9384464080619204,1.009153380000004,1.0086441580000027,0.9777726239999992,0.9492363200000012,0.9520392799999982,0.9108072440000016,0.947507893999998,0.9237721099999976,0.9142673839999976,0.8628987059999984
0.9336301811568284,1.0070977780000043,1.0045345520000026,0.977513255999999,0.949326052000002,0.9487377719999984,0.9049168540000015,0.9419883639999982,0.9154012859999976,0.9067998559999976,0.8546790299999987
0.939233282153833,1.011082564000004,1.0089571280000025,0.9830745199999992,0.9547528180000012,0.9530471979999982,0.911057544000001,0.9471752679999978,0.9216405159999972,0.9168898519999976,0.861682383999999
0.9384425852893298,1.0094678740000047,1.008313026000002,0.9823459059999988,0.9533256920000012,0.9520181419999982,0.9094887920000012,0.942739935999998,0.9194315219999968,0.9181601819999972,0.8632771039999987
0.9333509682548686,1.0066062540000045,1.005006972000002,0.9778381999999988,0.9493665980000016,0.9484937019999976,0.9023809840000014,0.9389475799999978,0.912184409999997,0.9048331539999972,0.8648024579999987
0.939248332439622,1.009532462000004,1.0106260980000017,0.9845998879999988,0.9546122480000014,0.9564885399999984,0.9084103380000008,0.9442962239999976,0.9205482639999968,0.9152895439999976,0.8764099699999988
0.9459428199609108,1.014218822000004,1.017487142000002,0.993490177999999,0.9633516000000022,0.9717034639999982,0.9150770120000014,0.9517033219999984,0.9283633759999974,0.9227166239999972,0.8831815719999987
0.9537455503265676,1.0206005560000049,1.022292504000002,1.0008245199999988,0.9708747340000023,0.9791805939999988,0.9237360340000018,0.962735825999998,0.9369887079999972,0.9352264819999968,0.8897082859999987
0.9578882618923106,1.0220238740000038,1.0253673640000014,1.0032807339999992,0.9710934940000022,0.9837991499999988,0.9266279180000014,0.964286481999998,0.9427583599999976,0.9461597959999972,0.8963888259999979
0.9600849113043766,1.0253225540000042,1.0316470300000016,1.0059049819999992,0.975134248000002,0.9881080539999988,0.9322975640000016,0.9677557839999982,0.9435830279999972,0.9433606699999966,0.9007797759999985
0.9581552539622096,1.0269813180000045,1.0313498440000015,1.0072971259999997,0.9769172120000024,0.9895478519999988,0.9318462160000014,0.969964413999998,0.9387094899999971,0.9401486839999968,0.8946382019999981
0.9585105761594052,1.0243671120000042,1.0305778740000018,1.0061298859999992,0.9763701520000024,0.9883725419999984,0.931364570000002,0.9687981299999976,0.9368100519999972,0.9458112979999972,0.8917516599999988
0.9536518472472448,1.0176016640000047,1.022139074000001,0.9974996559999996,0.9686645160000024,0.9820162379999988,0.924676902000002,0.962523299999998,0.931468341999997,0.937846977999997,0.8890356179999988
0.951335081504296,1.017622358000004,1.021778412000001,0.9975761039999992,0.9666892880000024,0.9807199339999986,0.9236492200000022,0.962520269999998,0.9276647739999972,0.9312987839999968,0.8860073559999984
0.9497495338964116,1.015751096000005,1.0201360760000011,0.9968102579999992,0.9631967500000024,0.9781093719999993,0.9229625680000022,0.9661059999999976,0.9248585279999976,0.928348309999997,0.8824360479999986
0.9484315502692864,1.0148956680000043,1.0205570780000013,0.9956908779999988,0.9616976920000022,0.9765556119999989,0.9212352640000024,0.9642527639999976,0.9223394039999976,0.9252417799999968,0.8816745979999989
0.9411016697825524,1.0106855720000043,1.0115399640000002,0.9874725479999986,0.9526956680000028,0.9680861999999992,0.9119135820000022,0.9610016979999978,0.9130378159999976,0.9115041599999968,0.8733210259999986
0.9347211914239676,1.008010026000004,1.0069391700000003,0.9825255459999986,0.9489252040000028,0.9631484999999989,0.9051480980000026,0.9543402639999972,0.9076957899999972,0.901166519999997,0.8607156119999988
0.9326619511211568,1.006192176000004,1.0043799880000006,0.980471107999998,0.9467762400000024,0.9616409619999986,0.8992880120000029,0.9505578999999976,0.9065326679999972,0.9024192519999964,0.8539078819999988
0.9263545569503642,1.001295690000004,0.9990556480000008,0.975223245999998,0.940636884000002,0.9567939279999988,0.8903633160000024,0.9430507119999976,0.8978255319999973,0.8845280719999968,0.8498560819999987
0.9174816609633858,0.993184658000004,0.9902043000000008,0.9668728559999976,0.9295317040000022,0.944985895999999,0.8798785260000024,0.9310646219999974,0.8858991759999972,0.8715364579999967,0.8435604879999987
0.9159091770035664,0.992539618000004,0.986886260000001,0.965684591999998,0.9275487960000024,0.9409035059999992,0.8789252160000025,0.9298136019999976,0.8851514039999973,0.871050029999997,0.841206755999999
0.9141549156919864,0.9924359960000038,0.985568522000001,0.9659499159999974,0.9276036360000022,0.939496291999999,0.878473924000003,0.9300287399999978,0.8826463079999973,0.8698712739999965,0.8353029359999988
0.9058864391822992,0.9846536180000036,0.9782466700000004,0.9568934919999978,0.919661892000002,0.9327005259999994,0.868804504000003,0.9237623659999976,0.8746264479999966,0.8628982619999968,0.8244593959999988
0.9074051936218512,0.984001138000004,0.9787568480000006,0.958778163999998,0.9205527880000016,0.9345686879999996,0.8690268940000025,0.9259307659999976,0.8763573039999972,0.8657695259999969,0.8267631779999989
0.9135076330007674,0.987899618000004,0.9880880660000012,0.9652703059999976,0.9266474980000016,0.9401034299999989,0.8762076020000027,0.934236867999998,0.8850779659999972,0.8722417099999968,0.8297308059999986
0.9160805546078474,0.990859002000004,0.9933320140000004,0.9687814179999984,0.9299813240000014,0.9464178319999988,0.8794087740000032,0.936584061999998,0.8908435819999971,0.8741519259999972,0.8292598159999987
0.9166205739122468,0.989948446000004,0.9929899940000004,0.9691516059999978,0.9281129680000012,0.9455537279999982,0.8796132620000034,0.936407333999998,0.8883461539999973,0.8793478939999966,0.8313589179999987
0.9153078127342904,0.9881415020000036,0.9922428440000004,0.9675697759999976,0.9253396600000012,0.9439466739999984,0.8793522240000031,0.9349037499999984,0.8884773819999969,0.875349793999997,0.8315285919999984
0.9117724705018536,0.9850311620000038,0.9900174080000004,0.965125771999998,0.9232215900000011,0.941869397999998,0.8759580140000032,0.9311558559999982,0.8808027819999968,0.8701500339999972,0.8287796719999989
0.9222259926532632,0.994082228000004,1.0003991280000002,0.9765308259999984,0.9328534200000008,0.952624735999998,0.8876034180000034,0.9415204359999984,0.8918414839999971,0.8847311619999967,0.8448337759999982
0.924548327001954,0.9938038280000034,1.0035640559999996,0.9803240559999984,0.9378189000000012,0.955536421999998,0.8905775060000032,0.9444937939999988,0.8930831399999968,0.8879679499999973,0.8474398279999984
0.9351569423484204,1.002729236000004,1.010978896,0.9880550619999986,0.9461501800000012,0.9678385719999982,0.9043069600000032,0.954549871999998,0.9084954419999968,0.904433923999997,0.8546231599999983
0.9420785236319812,1.0084127320000036,1.016631910000001,0.9923875479999986,0.9510991120000016,0.9750182339999982,0.9120164860000028,0.9664768179999984,0.9150347419999972,0.9092012819999976,0.8607473579999987
0.9385198835571428,1.0044373260000037,1.0122414520000005,0.9887942139999986,0.9466240500000012,0.972261035999999,0.9077539300000028,0.9601424939999984,0.9081796059999974,0.9050667119999972,0.8588361419999986
0.937993514861954,1.003327380000004,1.0131002340000013,0.9886151239999984,0.9458520880000014,0.9724510999999988,0.9054272440000029,0.9604714759999988,0.9058302879999964,0.9055865999999972,0.8580816339999986
0.9379433221588472,1.0015688800000038,1.0130314340000015,0.9880691099999984,0.9442937400000015,0.9742306939999984,0.9051223620000026,0.9614842419999988,0.9038341959999968,0.9032142099999968,0.8584839939999986
0.9399862780524344,1.0038126200000037,1.0164399320000008,0.9917145139999984,0.947212804000002,0.9750405439999984,0.9070939880000032,0.9627717519999992,0.9080296419999968,0.9049614119999972,0.858074271999999
0.9412073378390776,1.0075727260000038,1.0182356160000017,0.9952435919999978,0.9511520140000018,0.980270719999998,0.908943282000003,0.963118675999999,0.9109565119999964,0.905223989999997,0.8584888279999991
0.9477581101813664,1.0133135060000038,1.0244822600000014,1.002231457999998,0.9569523480000022,0.988858537999998,0.9176708980000032,0.9702160779999992,0.9178494939999966,0.9159012919999971,0.8625664379999987
0.9491416528533888,1.0148175360000042,1.0275442740000016,1.0055001339999987,0.9593424200000018,0.991659375999998,0.9210007320000037,0.9728308279999988,0.9149969779999968,0.917435717999997,0.861712663999999
0.950243393974296,1.0163537220000038,1.0289582420000016,1.0051793379999987,0.961172732000002,0.9932357819999972,0.9231696060000034,0.972922553999999,0.9181867379999966,0.9168971999999967,0.8640410839999988
0.9576376896842076,1.021736850000004,1.0366560940000022,1.0132846859999989,0.9687564540000022,1.002264703999998,0.9354539800000036,0.9820042659999996,0.9275152379999968,0.9264821339999972,0.8699911719999993
0.9675533748226566,1.0286849780000038,1.0440216740000017,1.0205219419999985,0.9767582820000018,1.0102414119999974,0.9454785500000036,0.9943892079999992,0.9369815499999964,0.9413464799999968,0.8791974479999993
0.96693492847901,1.0280373240000036,1.0426167560000024,1.0215697479999983,0.9750196160000022,1.0067503779999978,0.9433339340000032,0.99354336,0.9400343619999968,0.9365874739999972,0.8776981199999991
0.9684041223274584,1.0267739800000042,1.0414521960000012,1.0218573139999978,0.9719237200000024,1.006829237999998,0.9468354460000032,0.9924781859999996,0.9402982779999968,0.939454671999997,0.8821376679999997
0.9735477079987496,1.029914876000004,1.051187838000002,1.027335987999998,0.977724464000002,1.0134602299999975,0.949281044000004,0.9966802799999994,0.9511071939999968,0.9440689719999972,0.8911403019999997
0.9742461917622228,1.0306511940000045,1.052025340000002,1.0271755719999978,0.9792490320000022,1.0118480119999984,0.9507802680000036,0.9982919939999996,0.952566051999996,0.9421293239999972,0.8931006059999995
0.970269274144733,1.028588886000004,1.0470641000000025,1.0216830559999974,0.9756299480000026,1.0049549939999984,0.946904844000004,0.9922154159999992,0.9469377059999968,0.9419539139999976,0.8927558339999992
0.9669036991359976,1.0292910440000038,1.0436305600000018,1.017416419999997,0.9704613100000028,0.9998304199999986,0.939989830000004,0.9890940639999992,0.9462838359999964,0.9327091199999972,0.8898146739999993
0.9703443148696778,1.0312225800000037,1.0503774180000025,1.0268342079999973,0.9731000480000024,1.0019172599999986,0.9432033460000036,0.9911754919999992,0.9483662119999964,0.9347344299999976,0.8943076799999996
0.968498096311926,1.0299666260000042,1.0489699940000023,1.025128457999997,0.9686232140000026,0.9975023399999984,0.941708078000004,0.9888991719999992,0.9454561559999966,0.9339399359999973,0.890963776
0.975321655084142,1.0373281840000037,1.0558111300000026,1.0327364439999966,0.9741560080000022,1.0081659719999982,0.948665854000004,0.9968409519999994,0.9531206019999964,0.9388660459999972,0.8969935779999998
0.977733117225276,1.040031118000004,1.0564130840000026,1.0337314919999965,0.975688258000002,1.0106152819999985,0.9514009860000044,1.001999975999999,0.9493793259999964,0.9418102339999974,0.9017190119999998
0.9796177591626478,1.041858634000004,1.0608086020000025,1.0351334759999964,0.9774375800000024,1.014596233999998,0.9533214180000044,1.001955463999999,0.9537868159999968,0.9410510719999972,0.9031968619999995
0.9790032258933064,1.039587036000004,1.0574132840000017,1.0325551999999965,0.9749519380000028,1.0116137339999982,0.951315676000004,1.0015583859999988,0.9542032599999968,0.9420680019999969,0.9041943339999994
0.9753650450580722,1.0374875640000036,1.054082732000002,1.0283905739999968,0.9713790280000028,1.011413431999998,0.9450105840000044,0.9947831339999988,0.9504246779999964,0.9410776859999964,0.8994578959999997
0.9657018435140212,1.0313208800000035,1.045700652000002,1.0203243359999967,0.9611407580000026,0.9986309579999976,0.9348421600000044,0.9826463519999996,0.9425413299999964,0.9286203939999962,0.8855245539999994
0.95698089521237,1.025516448000004,1.0394793460000025,1.015339071999997,0.9548012680000024,0.9901304059999978,0.9246877180000046,0.9729401899999992,0.9311575299999963,0.9174210639999963,0.8784402379999994
0.970055966444244,1.0344901200000032,1.0509458140000023,1.029846901999996,0.9667178440000026,1.0038430639999985,0.938700786000004,0.9899295019999996,0.9444809619999964,0.9317747819999964,0.8960448399999994
0.9680944626973472,1.032056940000004,1.049175378000002,1.0270036499999966,0.9655599560000024,1.001294579999998,0.9363297620000048,0.9860740619999988,0.939949751999996,0.9304117499999962,0.8934383799999994
0.9693278787686236,1.0354716860000042,1.050849588000002,1.0304786759999964,0.9676557280000024,1.007446079999998,0.9400986840000044,0.9871526739999994,0.9409024599999958,0.9288790419999962,0.8938718979999996
0.9655369525829156,1.0314115700000044,1.046359126000001,1.0266311459999966,0.964382438000002,1.0006680359999978,0.9357686260000052,0.982685947999998,0.936958231999996,0.9245939199999966,0.8902136259999998
0.9631463350875996,1.0296686040000038,1.0425815720000011,1.0228648059999967,0.9619709840000028,0.9959129379999978,0.9310357080000048,0.978576813999998,0.9335921999999964,0.9234104499999962,0.8868320179999998
0.962018075363132,1.0285204120000042,1.042463944000002,1.0233994919999967,0.9612283700000024,0.995285755999998,0.9305764640000048,0.979083015999998,0.9349715419999962,0.9222575219999962,0.8800270299999997
0.963409007725477,1.029190984000004,1.044169510000002,1.0257186419999962,0.964524982000002,0.995773243999998,0.9338514280000052,0.980858239999998,0.9353682439999962,0.9234732999999962,0.8839140599999995
0.9708605697728164,1.0363489960000043,1.051223080000002,1.0338871799999962,0.971187558000002,1.0009050319999973,0.9496492320000044,0.987519051999998,0.942288325999996,0.9328883759999964,0.8946512399999997
0.9685435782755808,1.038235154000004,1.0517426600000022,1.0357944919999964,0.969328522000002,0.9973483199999976,0.9450577260000048,0.985323913999998,0.942390987999996,0.9320512239999958,0.8886566879999991
0.9684654371917636,1.038606370000004,1.0515597520000024,1.0344730199999956,0.9682625260000024,0.9970397399999976,0.9445185240000048,0.9838314539999976,0.9413984859999966,0.9324263039999958,0.8894724339999995
0.969410339284462,1.0380643940000045,1.0519572140000015,1.034565947999996,0.969110558000002,0.9965798479999974,0.9457901780000048,0.986321615999998,0.9432502459999964,0.934085037999997,0.8882121719999996
0.9629369856122728,1.0334848760000046,1.045712552000002,1.0274506359999966,0.961046450000002,0.9886219459999976,0.9393283900000052,0.977211991999998,0.9353063619999964,0.925820179999996,0.8805558599999992
0.9626009428311731,1.0340841620000043,1.046255966000002,1.028273533999995,0.961942620000003,0.9895021519999974,0.9420886880000048,0.974569719999998,0.9321611859999964,0.9253559459999964,0.8815004859999993
0.9602117400627214,1.0338184300000042,1.044665618000002,1.027448051999996,0.9567866220000028,0.9883219899999972,0.9395655940000052,0.9706585439999984,0.9278841139999968,0.9206807699999968,0.8837854899999995
0.9595212179004304,1.0334852660000045,1.0453164540000015,1.0272631559999956,0.9546780000000028,0.9882731359999976,0.938722210000005,0.9678392539999984,0.9275377579999964,0.922209413999996,0.8809377679999997
0.9598652824838556,1.032703680000005,1.0453164020000028,1.0268736079999958,0.9534193220000028,0.987823605999997,0.9378705140000044,0.9681569239999984,0.9281463039999958,0.9241371199999968,0.883504067999999
0.962401330890752,1.0336392840000048,1.047071572000002,1.0283091379999965,0.9582881160000024,0.9906399539999972,0.9413404980000052,0.9700240539999988,0.9323596319999964,0.9234395299999963,0.883189365999999
0.957905283765538,1.030821192000004,1.0428466640000016,1.025309739999996,0.9557584200000028,0.9857587219999968,0.9353775180000048,0.9646159759999984,0.9277063139999968,0.9186661239999964,0.8786547219999992
0.9572844143258792,1.030195366000004,1.043153966000002,1.025356963999995,0.9554615020000028,0.9844816999999976,0.9353319700000052,0.9634339239999984,0.9261349239999974,0.9176350099999966,0.8792421959999985
0.9544966047383024,1.0296389600000042,1.044346872000002,1.0238638559999955,0.9549310480000032,0.983079901999997,0.9339054060000052,0.9605882239999975,0.9226251179999968,0.9111375679999962,0.8746433799999984
0.9575672693970002,1.0315557860000046,1.046040538000002,1.0249413159999965,0.956939790000003,0.9850177719999972,0.9386966980000055,0.966045603999998,0.9244332979999972,0.9176357539999964,0.8774237639999989
0.967837479067498,1.0375737160000045,1.054758382000002,1.0330798159999963,0.9660009240000028,0.9970134699999972,0.9483187660000054,0.9789791499999976,0.938882859999997,0.9269591679999968,0.8873692699999991
0.9665250188952572,1.036981930000004,1.0562021960000028,1.0329999979999958,0.9658068260000028,0.9982003819999968,0.945808780000006,0.9779864839999974,0.9393926119999974,0.9238697659999966,0.885085431999999
0.968535345769254,1.0392173800000035,1.0588025720000016,1.0352559119999958,0.9672072000000024,0.9999910719999974,0.9481355460000058,0.9805107999999976,0.9435690599999976,0.929241853999996,0.8867346079999987
0.9680960429773552,1.038826570000004,1.0563826300000017,1.034057651999996,0.9670274080000024,0.9989193599999976,0.9454425800000056,0.9787671139999968,0.9445262999999982,0.9253994719999958,0.8864971039999991
0.9667727014484888,1.0381542280000042,1.054935036000002,1.0321379299999969,0.9659979640000028,0.9990580019999972,0.9443019600000052,0.9755330779999972,0.9396709199999986,0.9214192339999958,0.8856834419999993
0.965102721737328,1.035659490000004,1.053381922000002,1.0294885859999967,0.9634043820000032,0.9978776339999968,0.9419274960000056,0.9724607159999974,0.9360937239999984,0.920000739999996,0.882451297999999
0.9606523823300552,1.032114200000004,1.0501312800000022,1.027310061999997,0.9592559760000036,0.9954366659999968,0.9386684540000054,0.9689733719999968,0.9323118479999988,0.9108278499999958,0.8780417239999991
0.9630684348083552,1.0359412320000043,1.0536221260000018,1.031040957999997,0.963742150000003,0.9973211859999972,0.9424097160000052,0.9705691479999972,0.9364484619999988,0.9149154959999956,0.8792252479999991
0.9657282266650092,1.036748562000004,1.055894788000002,1.0340021659999974,0.9663410580000033,0.999153777999997,0.9462555820000051,0.9739612139999974,0.9402593479999984,0.9186953419999956,0.8838242999999988
0.96967969424923,1.0387464340000043,1.0589118880000017,1.0361614959999974,0.971037410000003,1.0036850799999972,0.9491498540000052,0.9807203539999974,0.9416414179999986,0.923148211999996,0.8893267299999985
0.9663002579272826,1.0379232300000043,1.0574737700000023,1.0343414879999973,0.9690680400000028,1.0010863719999974,0.9485718740000048,0.9794739259999972,0.9384124079999984,0.9179914799999962,0.8822961399999991
0.9713172405945156,1.0411259600000045,1.061681618000002,1.0380028619999968,0.9724595940000031,1.0037435779999968,0.954308450000005,0.9877440539999968,0.9464115459999982,0.9244259179999958,0.890362783999999
0.973004693687478,1.0426381160000044,1.0644024260000022,1.0415958299999963,0.9758778820000032,1.006565171999997,0.9554917320000054,0.9880198299999974,0.9519275419999992,0.9328633759999964,0.8897694219999988
0.966783342000542,1.0390917160000042,1.0591186360000029,1.0381143139999969,0.9717825720000036,0.9999248979999972,0.9501862760000052,0.9794788519999966,0.9468788119999988,0.9237543719999964,0.8835790399999985
0.9664323693359396,1.0393199180000043,1.0592112740000026,1.0373388359999969,0.9702636560000032,0.9985539099999974,0.9496258940000056,0.9798768579999968,0.9478250219999984,0.9219888179999962,0.8808231179999992
0.9653640247991986,1.0401383780000044,1.058802840000002,1.0364108139999963,0.9687309700000032,0.9993521499999972,0.9468265800000052,0.9773895619999966,0.9496072279999984,0.9225617519999962,0.8782449439999986
0.9644187012984978,1.0400483860000045,1.0590328140000025,1.0352557119999966,0.9691567580000028,0.9983405039999972,0.9457537240000056,0.9757318519999972,0.9489587179999984,0.922367905999996,0.8780239879999987
0.9684682365449204,1.0408825740000045,1.0618755180000026,1.0376807279999962,0.970713710000003,1.0039055299999973,0.9490127440000056,0.9798970979999976,0.9525814239999988,0.9270506639999956,0.8863615559999993
0.9667483350357964,1.0399096220000046,1.0627912780000028,1.0372606159999962,0.9712993200000032,1.0014565159999975,0.9491732080000056,0.9759255939999972,0.9488249799999986,0.923298863999996,0.8840559619999988
0.9683324528665306,1.0408101420000038,1.063417388000003,1.037862499999996,0.9681810160000036,1.0032576039999976,0.9495847440000056,0.9778245819999972,0.9508446919999982,0.9288647539999956,0.8853132019999987
0.9625329305896922,1.0372180320000033,1.057467096000002,1.032308651999995,0.9623521580000036,0.9965215759999976,0.9425597200000057,0.971849363999997,0.9447069379999984,0.9258361559999956,0.8763501319999989
0.9560281368704896,1.0301985400000038,1.0493728100000026,1.026598451999996,0.9572657860000032,0.9885156779999976,0.9354764860000062,0.9675414839999974,0.9348615179999984,0.9164418559999954,0.8727305459999988
0.9424816605871286,1.0220569780000035,1.038186590000003,1.0170528599999955,0.9410252540000036,0.9768700239999974,0.9246734180000058,0.9590224719999974,0.9190552039999982,0.8994415019999957,0.8501247399999994
0.9352425483739888,1.0197445860000034,1.035064300000002,1.0121430019999962,0.9366149500000034,0.9701578719999984,0.9199172320000056,0.9523657739999972,0.9050016299999986,0.8902048359999957,0.8420425059999992
0.9364234690484324,1.0225566380000035,1.0371980420000022,1.013862997999996,0.9393253900000028,0.9745224259999984,0.9214623560000056,0.953463151999997,0.9057479599999982,0.890786009999996,0.8429597939999989
0.943075093355794,1.0293216060000034,1.0429645740000018,1.0202772879999955,0.9453711740000028,0.9830403939999974,0.9296816120000058,0.9601070939999968,0.9115945559999988,0.8982584679999961,0.8530767279999987
0.9471036334535404,1.0340892340000032,1.0485670080000014,1.0240643739999955,0.9494577640000026,0.987322929999998,0.935772064000006,0.9647698899999972,0.9155650699999986,0.9023464279999958,0.8576790419999989
0.9486902496317156,1.0367946300000035,1.0505415040000017,1.0239550439999952,0.952904742000003,0.9879491019999976,0.9371014600000056,0.9666358899999976,0.9162253099999984,0.9016979399999956,0.863142745999999
0.9398679226049887,1.0306344440000037,1.0419167480000016,1.0191640679999954,0.9439038680000033,0.9812537579999976,0.9258497360000052,0.9574922639999977,0.907637765999998,0.8890354999999959,0.8546020979999993
0.9349588655371496,1.0279870800000035,1.039196850000002,1.0145668699999963,0.9403104940000038,0.9745491279999972,0.9237934540000048,0.9537532519999978,0.9018779959999984,0.8811057239999958,0.848555763999999
0.9338946899295724,1.0261386500000036,1.0413065140000015,1.014076593999996,0.9393266560000036,0.9744150379999974,0.9258217080000052,0.9574116499999978,0.8979506879999988,0.8801358419999963,0.8454478659999989
0.9304009015361993,1.0235461340000036,1.0397332720000023,1.0097977239999962,0.9380436640000034,0.9717807419999978,0.922934944000005,0.9565822879999984,0.8924674079999984,0.873676693999996,0.837528585999999
0.9336714941913196,1.026956710000004,1.0434011260000022,1.011423609999996,0.940711510000003,0.972427133999998,0.9246159940000052,0.9615942939999989,0.8910721459999988,0.8784435119999967,0.841382769999999
0.9363190953164848,1.027071368000004,1.0441426820000026,1.0105180539999958,0.9419679340000028,0.9719603679999976,0.9260289500000054,0.9621921079999982,0.8950211359999993,0.8798095659999965,0.8481812639999986
0.9119469033141496,0.9983125460000036,1.016622450000003,0.982781469999996,0.915479510000003,0.9484717339999972,0.8977766200000055,0.934489859999998,0.8683979579999992,0.8518689979999965,0.8264763259999985
0.928187350653192,1.014202030000004,1.033935266000003,1.0003491339999964,0.9334731380000028,0.9657297939999974,0.9152492800000052,0.9532946779999985,0.8852192519999991,0.8665620899999964,0.8433648919999988
0.92945760982408,1.0147584280000037,1.0350074280000023,1.0026110019999963,0.9334412140000026,0.9644014539999975,0.9167759180000052,0.9513128899999984,0.8873247379999989,0.8673015179999959,0.8473492919999985
0.9361214098126448,1.021841742000004,1.042205030000002,1.0104322359999969,0.938463782000003,0.971707779999998,0.9226002500000056,0.9575647339999988,0.8940400019999994,0.8756350419999961,0.8563588059999989
0.9347832437522764,1.020091770000004,1.0411432860000027,1.0099243959999966,0.9368736480000028,0.971146769999998,0.9196072520000054,0.9578535059999989,0.8946862019999988,0.8727228259999962,0.856938263999999
0.9374735274879396,1.0221387880000044,1.0435504640000035,1.0133915859999965,0.9381534020000027,0.9742429179999976,0.9223847900000052,0.961208695999998,0.8941206519999989,0.8773200939999954,0.8585482379999985
0.9365553547028024,1.0226882820000047,1.0414129920000028,1.012214067999996,0.9390530820000028,0.972803407999998,0.9221671840000054,0.9615684679999984,0.8943256479999984,0.8752925139999959,0.8537212359999986
0.9328623607267248,1.019801324000004,1.0375453160000023,1.009009103999996,0.9341518560000028,0.970586761999998,0.9185731420000052,0.9572778319999984,0.8920457859999988,0.8718777459999956,0.8443120879999986
0.9321994106879996,1.017739722000004,1.0367268040000024,1.007911813999996,0.9329660600000028,0.9693588899999988,0.9174180800000048,0.9566059219999984,0.8907764279999983,0.8703616719999958,0.8423435639999985
0.9314547526477251,1.0185410980000045,1.0363088700000025,1.0087621379999971,0.9337251960000028,0.9689498479999988,0.9181782600000044,0.9527938539999984,0.8920463879999994,0.868074707999996,0.8396365979999989
0.9367374932614224,1.0223378600000044,1.0403151840000024,1.0133991579999964,0.9375670300000029,0.976212501999999,0.9233186160000052,0.957630701999998,0.8946720479999992,0.8742353839999957,0.8533398859999985
0.9359156122047642,1.0205042300000042,1.0368794360000022,1.0104181099999971,0.9356055980000032,0.9744879199999992,0.919664564000005,0.9538024179999982,0.8912378619999994,0.8750727379999956,0.8516806039999985
0.9365605771519714,1.0206642360000044,1.0357389900000031,1.0110660579999973,0.9359634980000024,0.974762351999999,0.9194075000000046,0.9529570779999984,0.8888878899999997,0.8770649039999949,0.8584213759999988
0.9370669440173466,1.0187223940000036,1.0345902160000031,1.0091917379999975,0.9357749560000022,0.9725535779999988,0.9176605220000048,0.9519038439999984,0.8892038160000002,0.8766743879999954,0.8611843739999987
0.9439261268160256,1.023728112000004,1.041109802000003,1.0149871359999976,0.941793646000002,0.978169719999999,0.9260110940000048,0.9568567379999976,0.8989780459999996,0.8828472979999953,0.8764033539999989
0.9512025938384944,1.0287351740000044,1.047783864000003,1.022811179999998,0.946948916000002,0.9840949699999992,0.9305397860000044,0.963388049999998,0.9083878080000004,0.8938548079999955,0.8856858539999983
0.9488546288531046,1.027199510000004,1.045642584000003,1.0200892459999975,0.9452216300000024,0.9813679339999992,0.9277834500000052,0.9605498419999974,0.90264098,0.8945636079999955,0.8835154299999988
0.9431708884248416,1.025710010000004,1.044271610000003,1.0156166599999974,0.9398499400000032,0.977165326,0.9232437560000046,0.9530992099999976,0.899856838,0.8892604919999954,0.8735511539999987
0.943261792151008,1.0243079660000038,1.042177342000003,1.015509627999997,0.938654666000003,0.97477391,0.9228234700000048,0.953289897999998,0.902135062,0.8927961279999952,0.8702274959999989
0.9461984791656108,1.0264995340000036,1.0446197320000028,1.0174833659999971,0.9420984420000038,0.9765754399999996,0.9248308540000044,0.956397299999998,0.907208154,0.8931657299999953,0.8772900519999987
0.9483004171292057,1.0266276620000037,1.0448260700000032,1.0188145639999968,0.9432196620000032,0.9775232579999996,0.9264286100000048,0.9575326359999984,0.9083841100000009,0.8975535719999954,0.8828041699999984
0.9560154193789976,1.0306459380000037,1.0517150480000033,1.0249779179999976,0.9494316660000032,0.9822021599999996,0.9316117660000044,0.9657210899999986,0.9160332060000004,0.908715431999996,0.8968968479999986
0.9582179384025212,1.0304571940000038,1.0503591540000032,1.0241687599999976,0.9491618560000026,0.9829232059999996,0.9327475060000048,0.966614745999999,0.915570232,0.9169225199999952,0.9027403939999985
0.9631760142511756,1.032935780000004,1.0517624720000027,1.0251328639999984,0.9500061600000028,0.9863280859999995,0.9374087500000048,0.970977753999998,0.9179942240000004,0.9251441379999956,0.9133568439999986
0.967544013544896,1.0344386980000042,1.056297618000003,1.0303986299999974,0.9565721540000024,0.9914655219999996,0.9401506620000052,0.976293759999998,0.9222825500000008,0.9312761479999954,0.9155969259999985
0.9688051823431671,1.0343774020000036,1.0557165620000029,1.030074565999998,0.9564353760000028,0.9928168279999994,0.9405980280000056,0.9780093459999976,0.9228635360000008,0.9360792859999952,0.9167851659999986
0.9634818059578392,1.0286661600000029,1.051511480000003,1.0261180539999972,0.9511170300000028,0.9890016779999988,0.9347912080000056,0.970861343999998,0.9203937280000004,0.9343243859999956,0.9085050079999988
0.9631878588260918,1.0296391840000032,1.0514127920000034,1.0273492659999972,0.9521896800000028,0.9897029159999996,0.9334223120000056,0.9724339059999983,0.9230217480000008,0.9266343399999952,0.9093026999999982
0.955575815581383,1.0253438280000036,1.047948718000003,1.0214445519999975,0.9454403360000035,0.9828939459999988,0.9277387360000056,0.9631021999999982,0.9171028440000004,0.9156371579999956,0.8972416419999987
0.953374696234438,1.0250873880000038,1.0458594000000034,1.0197135699999973,0.9418337720000032,0.9823386879999988,0.920846928000006,0.9587730819999984,0.9142727540000009,0.9119121819999954,0.9009991259999988
0.9538289138595536,1.020249480000004,1.042954188000004,1.0172374679999971,0.9403206680000028,0.9823676699999986,0.920462110000006,0.9579037219999986,0.9133731420000004,0.9133728679999956,0.9052452539999987
0.9586355988834554,1.0241752040000032,1.0473544540000033,1.028206563999997,0.9456599760000022,0.987027745999999,0.9253029460000066,0.9616964339999984,0.917950186,0.9139459239999952,0.9173087319999984
0.96138131282168,1.0281491080000031,1.0490595320000031,1.0339703199999972,0.9530417380000022,0.9905225719999988,0.9279708620000068,0.9642836239999986,0.921882618,0.9129041839999956,0.9222682459999985
0.965231762887684,1.0309857040000026,1.0534002100000026,1.0392276859999967,0.9544489740000024,0.9956481059999984,0.9314632300000064,0.9694252179999984,0.9238844520000002,0.9087091559999962,0.9335259279999988
0.967341015290172,1.031791850000003,1.0544088980000033,1.040810769999997,0.9548847940000024,0.9970572399999992,0.9313059200000064,0.9662263819999988,0.9279649500000002,0.9142007899999958,0.9389146679999989
0.9691940215268148,1.0321143720000023,1.055350398000003,1.0415626039999966,0.958805378000002,0.9990026059999988,0.9341467420000064,0.9672701739999984,0.9285654700000008,0.9151368239999956,0.9446148619999988
0.9662056819313838,1.0323967900000035,1.0529054640000028,1.0384166619999968,0.9566760000000024,0.9965671179999978,0.9309619060000064,0.9614473439999986,0.9245528900000002,0.9233611339999956,0.9302856799999983
0.9645199897218586,1.0326602860000036,1.051993650000003,1.036187091999997,0.9557751920000022,0.996887405999998,0.9303396580000064,0.9609281179999988,0.920855504,0.9186684839999956,0.9277033939999983
0.9656720439481588,1.0342984060000036,1.0536634980000033,1.0398246119999972,0.9577321940000024,0.9990703259999978,0.9306480200000063,0.9649661439999984,0.923638986,0.9159128719999954,0.9233272919999991
0.9643591623679162,1.0344716380000034,1.0537790400000029,1.0405147019999976,0.9579361700000018,0.9963024239999982,0.9291369140000068,0.9642680319999994,0.925007406,0.9064769219999952,0.9214471619999987
0.9701196893542752,1.0384829540000031,1.0576347180000032,1.045396889999997,0.9595485020000027,1.0013371999999985,0.9306758860000068,0.9672301999999988,0.931029142,0.9136680019999956,0.9350886419999986
0.9675789302079266,1.0391675380000036,1.0577978900000031,1.043763267999997,0.9582090060000024,1.0038146539999984,0.9292247760000064,0.9652226159999988,0.9260673600000002,0.9088109479999962,0.9276381059999987
